{"cameraMode":{"drawMode":0,"name":"Shaded","section":"Shading Mode"},"sceneLighting":true,"audioPlay":false,"sceneViewState":{"showFog":true,"showMaterialUpdate":false,"showSkybox":true,"showFlares":true,"showImageEffects":true,"showParticleSystems":true},"in2DMode":false,"pivot":{"x":-0.005806028842926025,"y":0.10922715067863465,"z":-0.021584749221801759},"rotation":{"x":0.03511273115873337,"y":0.9286603927612305,"z":-0.09112272411584854,"w":0.35784587264060976},"size":0.6329103708267212,"orthographic":false}